location,salary,sector
Houston,9.00 - 13.00 $ /hour,Entry Level
Denver,13.75 - 16.75 $ /hourYear End Bonus,Experienced (Non-Manager)
Clutch City,50.00 - 65.00 $ /hour,Experienced (Non-Manager)
Willoughby Hills,17.00 - 22.00 $ /hour,Experienced (Non-Manager)
Telecommute,45.00 - 50.00 $ /hour,Experienced (Non-Manager)
Margate,12.00 - 12.00 $ /hour,Customer Support/Client Care
Denver,60.00 - 82.00 $ /hour,IT/Software Development
Anaheim,15.00 - 19.00 $ /hour,Administrative/Clerical
Eden Prairie,15.00 - 21.00 $ /hour,Accounting/Finance/Insurance
Minneapolis,17.00 - 17.00 $ /hour,Business/Strategic Management
Las Vegas,19.00 - 19.00 $ /hour,Experienced (Non-Manager)
Irvine,40.00 - 40.00 $ /hour,Experienced (Non-Manager)
San Diego,0.00 - 20.00 $ /hour,Accounting/Finance/Insurance
Boston,16.00 - 23.00 $ /hour,Accounting/Finance/Insurance
Grand Rapids,15.00 - 18.00 $ /hour,Accounting/Finance/Insurance
Grand Rapids,20.00 - 26.00 $ /hour,Accounting/Finance/Insurance
Cherry Hill,12.00 - 14.00 $ /hour,Experienced (Non-Manager)
Orlando,11.85 - 11.85 $ /hour,Security/Protective Services
Newark,14.00 - 14.00 $ /hour,Experienced (Non-Manager)
New York,30.93 - 30.93 $ /hour,Security/Protective Services
N Springfld,15.00 - 17.00 $ /hour,Security/Protective Services
Columbia,20.00 - 23.00 $ /hour,Security/Protective Services
Saint Petersburg,0.00 - 12.25 $ /hourPlus benefits,Experienced (Non-Manager)
Dallas,55.00 - 65.00 $ /hour,IT/Software Development
Parma,11.00 - 11.00 $ /hourBenefits Package,Entry Level
Palm Bay,11.00 - 13.00 $ /hour,Security/Protective Services
Port Canaveral,13.00 - 13.00 $ /hour,Security/Protective Services
Dallas,12.00 - 15.00 $ /hour,Experienced (Non-Manager)
Dallas,13.00 - 13.00 $ /hour,Administrative/Clerical
Newark,14.00 - 14.00 $ /hour,Experienced (Non-Manager)
Dallas,55.00 - 65.00 $ /hour,IT/Software Development
New York,26.92 - 26.92 $ /hour,Security/Protective Services
Seattle,15.00 - 21.90 $ /hour,Experienced (Non-Manager)
Centennial,16.00 - 18.00 $ /hour,Customer Support/Client Care
Indianapolis,9.50 - 11.00 $ /hourBenefits + Annual Bonus,Entry Level
Cedar Rapids,19.50 - 19.50 $ /hour,Security/Protective Services
Arlington,14.00 - 15.00 $ /hour,Administrative/Clerical
Dallas,35.00 - 50.00 $ /hour,IT/Software Development
Akron,25.00 - 35.00 $ /hour,IT/Software Development
Dallas,100.00 - 120.00 $ /hour,IT/Software Development
Keswick,30.00 - 35.00 $ /hour,IT/Software Development
Sioux City,20.00 - 20.00 $ /hour,Experienced (Non-Manager)
Irving,0.00 - 20.00 $ /hour,IT/Software Development
Irving,75.00 - 100.00 $ /hour,IT/Software Development
Memphis,25.00 - 35.00 $ /hour,IT/Software Development
Columbia,25.00 - 35.00 $ /hour,IT/Software Development
Dallas,55.00 - 75.00 $ /hour,IT/Software Development
Green Bay,25.00 - 35.00 $ /hour,IT/Software Development
East Durham,26.00 - 32.00 $ /hour,Biotech/R&D/Science
Brandon,10.00 - 12.00 $ /hour,Sales/Retail/Business Development
San Diego,19.00 - 19.00 $ /hour,Experienced (Non-Manager)
Davenport,19.92 - 19.92 $ /hour,Entry Level
Altoona,26.00 - 32.00 $ /hour,Medical/Health
Dallas,24.00 - 24.00 $ /hour,Human Resources
Travis Heights,13.50 - 14.00 $ /hour,Customer Support/Client Care
Columbus,0.00 - 15.00 $ /hour,Marketing/Product
San Francisco,70.00 - 85.00 $ /hour,Experienced (Non-Manager)
Salisbury,35.00 - 40.00 $ /hour,Project/Program Management
Knoxville,15.00 - 22.00 $ /hour,Legal
Carlsbad,0.00 - 20.00 $ /hour,Accounting/Finance/Insurance
Smyrna,15.50 - 16.00 $ /hour,Experienced (Non-Manager)
Denver,20.00 - 24.00 $ /hour,Human Resources
Valencia,25.00 - 30.00 $ /hour,Human Resources
San Diego,0.00 - 29.00 $ /hour,Accounting/Finance/Insurance
Pleasanton,18.00 - 22.00 $ /hour,Accounting/Finance/Insurance
San Marcos,0.00 - 21.00 $ /hour,Accounting/Finance/Insurance
Fletcher,18.00 - 20.00 $ /hour,Experienced (Non-Manager)
Raleigh,43.00 - 46.00 $ /hour,IT/Software Development
Spartanburg,20.00 - 22.00 $ /hour,Medical/Health
Chapel Hill,15.00 - 19.00 $ /hourgenerous benefit package,Entry Level
Akron,13.75 - 13.75 $ /hour,Experienced (Non-Manager)
Greer,20.00 - 22.00 $ /hour,Medical/Health
Sevierville,"10.00 - 25.00 $ /hourBenefits (401K, Health Insurance) and bonuses are potentials",Entry Level
Miami,50.00 - 55.00 $ /hour,IT/Software Development
Rancho Cordova,65.00 - 70.00 $ /hour,Experienced (Non-Manager)
Saint Charles,12.00 - 16.00 $ /hour,Experienced (Non-Manager)
Princeton Township,84.00 - 87.50 $ /hour,Experienced (Non-Manager)
Mount Prospect,15.00 - 15.96 $ /hour,Medical/Health
Greer,40.00 - 49.00 $ /hour,IT/Software Development
Mcqueeny,18.00 - 20.00 $ /hour,Experienced (Non-Manager)
Cleveland,23.00 - 23.00 $ /hour,Experienced (Non-Manager)
Santa Clara,55.00 - 60.00 $ /hour,Experienced (Non-Manager)
Washington,38.00 - 44.00 $ /hour,Experienced (Non-Manager)
Good Morning,40.00 - 45.00 $ /hour,IT/Software Development
Field Service Technician,1.00 - 1.00 $ /hour,IT/Software Development
Lexington,18.00 - 20.00 $ /hour,Experienced (Non-Manager)
Orlando,30.00 - 33.00 $ /hour,IT/Software Development
Boca Raton,45.00 - 55.00 $ /hour,IT/Software Development
Heathrow,30.00 - 35.00 $ /hour,Entry Level
Fairfax,18.00 - 21.00 $ /hour,Experienced (Non-Manager)
Knoxville,45.00 - 50.00 $ /hour,IT/Software Development
Knoxville,20.02 - 20.02 $ /hour,Legal
St. Petersburg,12.00 - 13.00 $ /hour,Experienced (Non-Manager)
Kansas City,12.00 - 12.00 $ /hour,Experienced (Non-Manager)
Richardson,14.00 - 14.00 $ /hour,Medical/Health
Circleville,23.00 - 23.00 $ /hour,Medical/Health
West Chester,40.00 - 50.00 $ /hour,Systems Analysis - ITWeb/UI/UX Design
West Chester,25.00 - 35.00 $ /hour,Experienced (Non-Manager)
Analyst,16.00 - 18.00 $ /hour,IT/Software Development
Business Analyst,35.00 - 40.00 $ /hour,IT/Software Development
Temple Terrace,25.00 - 35.00 $ /hour,Quality Assurance/Safety
Pennsauken,16.25 - 16.25 $ /hour,Experienced (Non-Manager)
Environmental,1.00 - 1.00 $ /hour,Quality Assurance/Safety
Dublin,14.00 - 18.00 $ /hour,Experienced (Non-Manager)
Columbus,8.10 - 12.26 $ /hour,Entry Level
Columbus,0.00 - 18.00 $ /hour,Medical/Health
Columbus,12.00 - 13.00 $ /hour,Entry Level
Columbus,"14.00 - 16.00 $ /hourHousing Discount, Commision/Bonus",Experienced (Non-Manager)
Columbus,20.56 - 24.81 $ /hour,Installation/Maintenance/Repair
Columbus,20.00 - 22.00 $ /hour,Engineering
Columbus,60.00 - 70.00 $ /hour,IT/Software Development
Columbus,9.00 - 11.00 $ /hour,Entry Level
Columbus,20.00 - 25.00 $ /hour,Experienced (Non-Manager)
Columbus,16.74 - 26.78 $ /hour,Entry Level
Columbus,12.00 - 15.00 $ /hour,Entry Level
Columbus,100.00 - 115.00 $ /hour,Experienced (Non-Manager)
Columbus,10.00 - 13.00 $ /hour,Student (High School)
Columbus,16.32 - 18.37 $ /hourCompetitive wage rate and benefits package available to full time employees,Experienced (Non-Manager)
Columbus,14.00 - 18.00 $ /hour,Entry Level
Columbus,"10.00 - 13.00 $ /hourPlus Commissions, Possible quarterly bonus after 1 year",Entry Level
Columbus,10.00 - 14.00 $ /hour,Student (High School)
Columbus,10.00 - 15.00 $ /hour,Entry Level
Columbus,0.00 - 23.00 $ /hour,Medical/Health
Columbus,10.00 - 13.00 $ /hour,Entry Level
Columbus,14.00 - 17.00 $ /hourQuarterly Bonus,Experienced (Non-Manager)
Rancho Cucamonga,13.00 - 20.00 $ /hourBonuses available. Salary is DOE,Experienced (Non-Manager)
Irvine,"30.00 - 40.00 $ /hourhours flexible, salary negotiable",Experienced (Non-Manager)
Washington,32.36 - 32.36 $ /hour,Legal
Columbus,10.00 - 15.00 $ /hourHourly rate will be based on experience,Experienced (Non-Manager)
Oklahoma City,35.00 - 38.00 $ /hour,Experienced (Non-Manager)
Southfield,12.00 - 15.00 $ /hour,Experienced (Non-Manager)
Tampa,12.00 - 12.00 $ /hour,Experienced (Non-Manager)
Tampa,18.00 - 20.00 $ /hourCompensation based on experience,Experienced (Non-Manager)
Roseland,27.50 - 33.00 $ /hour,Experienced (Non-Manager)
Denver,16.00 - 19.00 $ /hour,Experienced (Non-Manager)
Westbury,18.00 - 20.00 $ /hour,Experienced (Non-Manager)
Louisville,14.00 - 16.00 $ /hour,Experienced (Non-Manager)
Daytona Beach,12.00 - 12.00 $ /hour,Experienced (Non-Manager)
Flushing,10.00 - 20.00 $ /hourHealth insurance available,Entry Level
Seattle,0.00 - 15.00 $ /hour,Experienced (Non-Manager)
Armonk,20.00 - 22.00 $ /hour,Entry Level
Auburn,11.00 - 16.00 $ /hour,Experienced (Non-Manager)
San Diego,15.00 - 19.00 $ /hour,Experienced (Non-Manager)
Denver,30.00 - 35.00 $ /hour,Experienced (Non-Manager)
Dallas,50.00 - 60.00 $ /hour,IT/Software Development
DallasTX,0.00 - 20.00 $ /hour,Accounting/Finance/Insurance
Dallas,55.00 - 65.00 $ /hour,Experienced (Non-Manager)
Dallas,18.00 - 22.00 $ /hour,Experienced (Non-Manager)
Wheeling,18.00 - 25.00 $ /hour,Manufacturing/Production/Operations
Orlando,13.00 - 15.00 $ /hour,Entry Level
East Chicago,6.05 - 12.25 $ /hour,Food Services/Hospitality
Camden,30.00 - 33.00 $ /hour,Food Services/Hospitality
San Juan,14.74 - 14.74 $ /hour,Legal
Edison,22.00 - 22.00 $ /hour,Experienced (Non-Manager)
Malden,15.00 - 20.00 $ /hour,Installation/Maintenance/Repair
Buffalo,14.00 - 16.00 $ /hour,Experienced (Non-Manager)
Atlanta,25.00 - 25.00 $ /hour,IT/Software Development
Orlando,0.00 - 14.00 $ /hour,Accounting/Finance/Insurance
Atlanta,22.00 - 22.00 $ /hour,Marketing/Product
Atlanta,25.00 - 41.00 $ /hour,Medical/Health
Las Vegas,15.00 - 15.00 $ /hour,Sales/Retail/Business Development
Madison,27.00 - 27.36 $ /hour,Experienced (Non-Manager)
Las Vegas,13.00 - 19.00 $ /hourBonus,Experienced (Non-Manager)
Madison,14.22 - 16.36 $ /hour,Administrative/Clerical
Las Vegas,35.00 - 40.00 $ /hour,Medical/Health
Madison,0.00 - 35.00 $ /hour,Accounting/Finance/Insurance
Madison,12.00 - 12.00 $ /hourgas allowance,Entry Level
Las Vegas,17.00 - 22.00 $ /hour,Experienced (Non-Manager)
Madison,9.00 - 13.00 $ /hour,Experienced (Non-Manager)
Madison,17.24 - 39.66 $ /hour,General/Other: Medical/HealthVeterinary/Animal Care
Knoxville,12.00 - 14.00 $ /hour,Accounting/Finance/Insurance
Las Vegas,10.75 - 10.75 $ /hour,Customer Support/Client Care
MadisonWI,35.00 - 46.00 $ /hour,IT/Software Development
Las Vegas,25.00 - 25.00 $ /hour,Human Resources
Madison,15.34 - 25.50 $ /hour,Veterinary/Animal Care
Madison,13.78 - 16.60 $ /hour,Banking/Real Estate/Mortgage Professionals
Madison,14.22 - 16.36 $ /hour,Administrative/Clerical
Las Vegas,15.00 - 15.00 $ /hour,Customer Support/Client Care
Delaware,0.00 - 22.15 $ /hour,Experienced (Non-Manager)
San Antonio,32.00 - 35.00 $ /hour,Entry Level
El Paso,30.00 - 36.00 $ /hourfull package,Experienced (Non-Manager)
Frisco,47.00 - 52.00 $ /hour,Medical/Health
Rockville,30.00 - 40.00 $ /hourtemp to perm position,Experienced (Non-Manager)
Saint Charles,12.00 - 16.00 $ /hour,Experienced (Non-Manager)
Bethesda,0.00 - 22.15 $ /hour,Experienced (Non-Manager)
Aurora,11.00 - 14.00 $ /hour,Entry Level
Clinton,10.00 - 11.00 $ /hour,Security/Protective Services
San Diego,0.00 - 21.00 $ /hour,Accounting/Finance/Insurance
Irvine,0.00 - 18.00 $ /hour,Manufacturing/Production/Operations
Woodinville,9.47 - 15.47 $ /hour,Career Level Entry Level
Sioux Falls,15.00 - 17.00 $ /hour,Experienced (Non-Manager)
Tacoma,15.00 - 16.00 $ /hour,Career Level Experienced (Non-Manager)
Denver,12.00 - 15.00 $ /hour,Logistics/Transportation
San Francisco,35.00 - 38.00 $ /hour,Experienced (Non-Manager)
Austin,15.00 - 15.00 $ /hour,Customer Support/Client Care
Atlanta,14.00 - 17.00 $ /hour,Human Resources
Rogers,18.00 - 24.00 $ /hour,Experienced (Non-Manager)
Canyon Crest,16.00 - 20.00 $ /hour,Experienced (Non-Manager)
Miami Gardens,10.75 - 11.75 $ /hour,Entry Level
Souderton,12.00 - 20.00 $ /hour,Experienced (Non-Manager)
Twin Falls,0.00 - 35.00 $ /hour,Installation/Maintenance/Repair
Birmingham,14.00 - 19.00 $ /hourplus commission and full benefits,Entry Level
Kenilworth,13.00 - 15.00 $ /hour,Entry Level
Colorado Springs,0.00 - 8.50 $ /hour,Entry Level
Belmar,12.50 - 13.50 $ /hour,Manufacturing/Production/Operations
Woodinville,12.00 - 13.00 $ /hour,Installation/Maintenance/Repair
Jacksonville,16.00 - 18.00 $ /hour,Experienced (Non-Manager)
Englewood,15.00 - 15.50 $ /hour,Experienced (Non-Manager)
Spring Grove,12.00 - 17.00 $ /hourbonuses available for exceptional work,Entry Level
Kent,16.00 - 24.00 $ /hourD.O.E,Experienced (Non-Manager)
Greer,20.00 - 31.00 $ /hour,Experienced (Non-Manager)
Bedford,20.00 - 23.00 $ /hour,Experienced (Non-Manager)
Denver,18.00 - 22.00 $ /hour,Student (High School)
New Brighton,25.00 - 30.00 $ /hour,Experienced (Non-Manager)
Jacksonville,15.75 - 17.00 $ /hour,Experienced (Non-Manager)
Brockport,24.85 - 29.81 $ /hour,Installation/Maintenance/Repair
Manchester,12.00 - 12.00 $ /hour,Manufacturing/Production/Operations
Raymond,10.85 - 11.85 $ /hour,Manufacturing/Production/Operations
La Mesa,25.00 - 25.00 $ /hour,Experienced (Non-Manager)
Golden,14.00 - 15.00 $ /hour,Manufacturing/Production/Operations
Shrewsbury,12.00 - 15.00 $ /hour,Entry Level
Sterling Heights,13.00 - 15.00 $ /hourbonuses,Student (Undergraduate/Graduate)
Santa Clara,15.00 - 23.00 $ /hour,Entry Level
Evansville,18.00 - 25.00 $ /hour,Experienced (Non-Manager)
Schaumburg,15.50 - 15.50 $ /hour,Experienced (Non-Manager)
Huntington Station,22.00 - 24.00 $ /hour,Experienced (Non-Manager)
Chicago,18.00 - 25.00 $ /hour,Student (Undergraduate/Graduate)
Newark,10.00 - 12.50 $ /hour,Entry Level
Energy,12.00 - 15.00 $ /hour,Experienced (Non-Manager)
Billerica,14.50 - 14.50 $ /hour,Experienced (Non-Manager)
Cincinnati,"16.00 - 19.00 $ /hourfull benefits, company vehicle and more",Entry Level
Little Falls,20.00 - 24.00 $ /hour,Experienced (Non-Manager)
Nashville,15.00 - 30.00 $ /hourBonus,Experienced (Non-Manager)
Schertz,18.00 - 22.00 $ /hour,Experienced (Non-Manager)
Fresno,11.00 - 11.00 $ /hour,Entry Level
Fremont,10.25 - 11.75 $ /hour,Manufacturing/Production/Operations
Smyrna,17.34 - 20.62 $ /hour,Experienced (Non-Manager)
Denver,15.00 - 20.00 $ /hour,Manufacturing/Production/Operations
Raymond,18.15 - 19.15 $ /hour,Manufacturing/Production/Operations
West Windsor,12.00 - 22.00 $ /hour,Experienced (Non-Manager)
King Of Prussia,11.00 - 11.50 $ /hourBenefits,Experienced (Non-Manager)
Romeoville,16.00 - 18.00 $ /hour,Entry Level
Columbus,20.56 - 24.81 $ /hour,Installation/Maintenance/Repair
Omaha,0.00 - 12.00 $ /hour,Entry Level
Twin Falls,17.74 - 26.13 $ /hourHealth Care and Vacation Benefits,Experienced (Non-Manager)
El Paso,11.00 - 12.00 $ /hour,Manufacturing/Production/Operations
Cleveland,18.00 - 20.00 $ /hour,Manager (Manager/Supervisor of Staff)
Leetonia,13.00 - 20.00 $ /hour,Experienced (Non-Manager)
Katy,18.33 - 27.51 $ /hour,Experienced (Non-Manager)
Multiple locations,25.00 - 35.00 $ /hour,Experienced (Non-Manager)
China Lake Nwc,0.00 - 29.50 $ /hour,Installation/Maintenance/Repair
Salt Lake City,9.28 - 14.00 $ /hour,Entry Level
Milwaukee,18.00 - 21.00 $ /hour,Installation/Maintenance/Repair
North Ridgeville,"19.00 - 30.00 $ /hourMedical, Vacation, Holiday",Experienced (Non-Manager)
Eden Prairie,12.00 - 12.00 $ /hour,Manufacturing/Production/Operations
Neenah,11.00 - 14.00 $ /hour,Entry Level
Athens,20.38 - 23.49 $ /hour,Experienced (Non-Manager)
Ames,15.40 - 15.40 $ /hourBenefits and Overtime,Experienced (Non-Manager)
Katy,15.99 - 23.98 $ /hour,Experienced (Non-Manager)
Gainesville,10.00 - 15.00 $ /hour,Experienced (Non-Manager)
Nashville,0.00 - 12.77 $ /hour,Entry Level
Schererville,11.00 - 11.00 $ /hour,Manufacturing/Production/Operations
Milpitas,14.00 - 20.00 $ /hourCan increase with experience,Entry Level
Bremerton,18.00 - 21.00 $ /hour,Installation/Maintenance/Repair
Raymond,12.00 - 13.00 $ /hour,Entry Level
San Leandro,13.00 - 15.00 $ /hour,Entry Level
Manchester,20.00 - 28.00 $ /hour,Experienced (Non-Manager)
Little Rock,20.00 - 25.00 $ /hourvehicle+ gas card+great benefits+ot after 8 hours worked per day+cell,Experienced (Non-Manager)
Stockton,"18.00 - 23.00 $ /hourFull family medical, Paid Holidays",Experienced (Non-Manager)
Raymond,19.65 - 20.65 $ /hour,Manufacturing/Production/Operations
Franklin,11.00 - 16.25 $ /hour,Manufacturing/Production/Operations
Akron,18.00 - 25.00 $ /hour,Experienced (Non-Manager)
Rogers,20.00 - 25.00 $ /hour,Experienced (Non-Manager)
Freeport 16229,14.00 - 22.00 $ /hour,Experienced (Non-Manager)
Aurora,15.00 - 35.00 $ /hourFlat rate,Experienced (Non-Manager)
Machesney Park,12.00 - 20.00 $ /hour,Experienced (Non-Manager)
Vancouver,13.00 - 14.00 $ /hour,Manufacturing/Production/Operations
Chardon,18.00 - 24.00 $ /hour,Installation/Maintenance/Repair
Kings Bay,16.57 - 16.57 $ /hour,Experienced (Non-Manager)
Ayer,17.60 - 17.60 $ /hour,Experienced (Non-Manager)
Batesville,12.00 - 12.00 $ /hour,Experienced (Non-Manager)
Richmond,16.00 - 18.00 $ /hour,Experienced (Non-Manager)
Mount Pleasant,10.00 - 10.00 $ /hour,Manufacturing/Production/Operations
Levittown,15.00 - 17.50 $ /hour,Experienced (Non-Manager)
Statesville,11.00 - 13.50 $ /hour,Experienced (Non-Manager)
Cleveland,10.00 - 10.00 $ /hourSecond Shift Shift Premium,Entry Level
Monrovia,22.00 - 27.00 $ /hour,Experienced (Non-Manager)
Brockport,24.85 - 29.81 $ /hour,Manufacturing/Production/Operations
Mount Juliet,12.50 - 13.50 $ /hour,Student (High School)
Troy,12.00 - 14.00 $ /hour,Entry Level
Julian,10.00 - 15.00 $ /hourCommision and bonuses available,Entry Level
Greer,20.00 - 31.00 $ /hour,Experienced (Non-Manager)
Kings Mountain,10.00 - 10.00 $ /hour,Entry Level
Neptune City,20.00 - 20.00 $ /hour,Manufacturing/Production/Operations
Long Beach,18.00 - 20.00 $ /hour,Entry Level
Wausau,14.00 - 14.00 $ /hour,Manufacturing/Production/Operations
Northampton,20.00 - 25.00 $ /hour,Entry Level
Hudson,14.00 - 18.00 $ /hour,Experienced (Non-Manager)
Alameda,10.50 - 12.55 $ /hour,Entry Level
Hudson,13.00 - 18.00 $ /hour,Experienced (Non-Manager)
Riverside,16.00 - 20.00 $ /hour,Manufacturing/Production/Operations
Oak Lawn,11.00 - 14.00 $ /hour,Manufacturing/Production/Operations
Cleveland,18.00 - 18.00 $ /hourOvertime Compensation competitive benefits,Experienced (Non-Manager)
Cleveland,17.00 - 18.00 $ /hourOvertime and Benefits,Experienced (Non-Manager)
Tool & Die Maker,19.00 - 22.00 $ /hour,Manufacturing/Production/Operations
Ellet,15.00 - 17.00 $ /hour,Manufacturing/Production/Operations
Elizabethtown,20.00 - 22.00 $ /hour,Manufacturing/Production/Operations
Ames,15.40 - 15.40 $ /hourOvertime and Benefits,Experienced (Non-Manager)
Auburn,20.00 - 25.00 $ /hourEligible for quarterly production bonus,Experienced (Non-Manager)
Cleveland,16.00 - 18.00 $ /hour,Experienced (Non-Manager)
Centennial,14.00 - 15.50 $ /hour,Experienced (Non-Manager)
Valley City,12.00 - 15.00 $ /houradditional shift premium where applicable,Experienced (Non-Manager)
Kansas City,22.00 - 25.00 $ /hour,Manufacturing/Production/Operations
Michigan City,10.00 - 10.00 $ /hour,Experienced (Non-Manager)
St. Louis,13.10 - 16.20 $ /hour,Manufacturing/Production/Operations
Gurnee,14.50 - 16.50 $ /hour,Experienced (Non-Manager)
Salem,22.92 - 26.95 $ /hour,Experienced (Non-Manager)
Warwick,10.00 - 13.00 $ /hour,Experienced (Non-Manager)
Milwaukee,16.50 - 25.00 $ /hour,Logistics/Transportation
Madison,28.56 - 43.83 $ /hourFinal salary will be determined based on the selected candidate's experience and qualifications. Pay for current state employees will be based on the applicable pay transaction provisions of the Compensation Plan.,Experienced (Non-Manager)
Environmental,1.00 - 1.00 $ /hour,Quality Assurance/Safety
Dallas,50.00 - 55.00 $ /hour,Project/Program Management
Austin,13.50 - 13.50 $ /hour,Entry Level
Austin,13.00 - 16.00 $ /hour,Experienced (Non-Manager)
Waterbury,40.00 - 40.00 $ /hour,Editorial/Writing
San Diego,0.00 - 19.00 $ /hour,Accounting/Finance/Insurance
San Diego,0.00 - 18.00 $ /hour,Accounting/Finance/Insurance
San Diego,0.00 - 16.00 $ /hour,Accounting/Finance/Insurance
San Diego,14.00 - 14.00 $ /hour,Experienced (Non-Manager)
San Diego,0.00 - 26.00 $ /hour,Accounting/Finance/Insurance
San Diego,0.00 - 17.00 $ /hour,Accounting/Finance/Insurance
San Diego,14.00 - 14.00 $ /hour,Experienced (Non-Manager)
San Diego,0.00 - 22.00 $ /hour,Accounting/Finance/Insurance
San Diego,0.00 - 20.00 $ /hour,Accounting/Finance/Insurance
Saint Louis,10.00 - 12.00 $ /hour,Marketing/Product
Breinigsville,16.00 - 20.00 $ /hour,Customer Support/Client Care
Hudson,17.00 - 25.00 $ /hour,Customer Support/Client Care
Dallas,18.00 - 20.00 $ /hour,IT/Software Development
Saint Petersburg,13.00 - 13.00 $ /hour,Customer Support/Client Care
Springfield,13.00 - 13.00 $ /hour,Sales/Retail/Business Development
Sacramento,13.39 - 19.42 $ /hour,Entry Level
Arlington,15.00 - 15.00 $ /hour,Experienced (Non-Manager)
Denver,28.00 - 32.00 $ /hour,Building Construction/Skilled Trades
Chicago,26.00 - 26.00 $ /hour,Human Resources
San Francisco,31.00 - 31.00 $ /hour,Accounting/Finance/Insurance
BostonMA,0.00 - 25.00 $ /hour,Administrative/Clerical
Fort Worth,14.00 - 14.00 $ /hour,Biotech/R&D/Science
Associate Scientist,20.00 - 23.00 $ /hour,Biotech/R&D/Science
Chemist III,30.00 - 35.00 $ /hour,Biotech/R&D/Science
Jacksonville,15.00 - 21.00 $ /hour,Human Resources
San Leandro,25.00 - 28.00 $ /hour,Human Resources
San Antonio,30.00 - 36.00 $ /hour,Experienced (Non-Manager)
Greer,57.00 - 89.00 $ /hour,IT/Software Development
Akron,13.75 - 13.75 $ /hour,Experienced (Non-Manager)
Technical Writer (Junior),1.00 - 1.00 $ /hour,IT/Software Development
Kansas City,27.00 - 27.00 $ /hour,IT/Software Development
Santa Clara,55.00 - 60.00 $ /hour,Experienced (Non-Manager)
Chesterbrook,20.00 - 20.00 $ /hour,Human Resources
Asheville,40.00 - 45.00 $ /hour,IT/Software Development
Pittsburgh,19.31 - 19.31 $ /hour,Legal
Providence,22.43 - 22.43 $ /hour,Legal
Syracuse,21.92 - 21.92 $ /hour,Legal
Portland,17.87 - 17.87 $ /hour,Legal
Melrose Park,12.00 - 12.00 $ /hour,Logistics/Transportation
ChicagoIL,18.00 - 20.00 $ /hour,Administrative/Clerical
Cincinnati,40.00 - 60.00 $ /hour,Database Development/Administration
Cincinnati,25.00 - 35.00 $ /hour,IT/Software Development
Addison,16.00 - 24.00 $ /hour,Experienced (Non-Manager)
Nashville,14.00 - 16.00 $ /hour,Quality Assurance/Safety
Taylor,18.00 - 25.00 $ /hour,Experienced (Non-Manager)
Saint Paul,55.00 - 80.00 $ /hour,Project/Program Management
Des Moines,23.50 - 23.50 $ /hour,Project/Program Management
Little Rock,50.00 - 55.00 $ /hour,Experienced (Non-Manager)
Columbus,22.00 - 25.00 $ /hour,Experienced (Non-Manager)
Baton Rouge,14.00 - 16.00 $ /hour,Quality Assurance/Safety
Project Coordinator,20.00 - 21.00 $ /hour,Project/Program Management
Horn LakeMS,0.00 - 35.00 $ /hour,Project/Program Management
Project Coordinator,28.00 - 33.00 $ /hour,Project/Program Management
Aston 19014,43.00 - 43.00 $ /hour,Project/Program Management
Milwaukee,14.00 - 16.00 $ /hour,Quality Assurance/Safety
Denver,14.00 - 16.00 $ /hour,Quality Assurance/Safety
Cleveland,15.00 - 17.00 $ /hourCompetitive Benefits Package / Overtime/ 1st Shift,Experienced (Non-Manager)
Belton,16.00 - 24.00 $ /hour,Experienced (Non-Manager)
Washington,25.00 - 25.00 $ /hour,Manager (Manager/Supervisor of Staff)
Cleveland,65.00 - 75.00 $ /hour,Experienced (Non-Manager)
Omaha,15.65 - 20.15 $ /hour,Quality Assurance/Safety
Warwick,15.00 - 18.00 $ /hour,Experienced (Non-Manager)
Thousand Oaks,60.00 - 75.00 $ /hour,Experienced (Non-Manager)
Newark,14.00 - 16.00 $ /hour,Quality Assurance/Safety
Portland,14.00 - 16.00 $ /hour,Quality Assurance/Safety
Wilmington,45.00 - 60.00 $ /hour,Experienced (Non-Manager)
Spanish Flat,12.00 - 14.00 $ /hour,Experienced (Non-Manager)
Chicago,0.00 - 30.00 $ /hour,Project/Program Management
Plano,35.00 - 45.00 $ /hour,Experienced (Non-Manager)
Peabody,22.00 - 25.00 $ /hour,Experienced (Non-Manager)
Sacramento,14.00 - 16.00 $ /hour,Quality Assurance/Safety
Phoenix,14.00 - 16.00 $ /hour,Quality Assurance/Safety
Overland Park,40.00 - 45.00 $ /hour,Experienced (Non-Manager)
Peabody,22.00 - 25.00 $ /hour,Experienced (Non-Manager)
Franklin,20.00 - 25.00 $ /hour,Experienced (Non-Manager)
Grove City,14.00 - 16.00 $ /hour,Experienced (Non-Manager)
Glenview,25.00 - 30.00 $ /hour,Experienced (Non-Manager)
Harrisburg,15.00 - 17.00 $ /hour,Project/Program Management
Project Manager,45.00 - 55.00 $ /hour,Project/Program Management
Oak Grove,25.00 - 25.00 $ /hour,Experienced (Non-Manager)
Wallingford,20.00 - 25.00 $ /hour,Experienced (Non-Manager)
Valencia,20.00 - 30.00 $ /hour,Quality Assurance/Safety
Peabody,31.00 - 33.00 $ /hourDirect Hire Position,Experienced (Non-Manager)
Plano 75024,34.00 - 43.75 $ /hour,Experienced (Non-Manager)
Jackson,10.00 - 18.00 $ /hour,Experienced (Non-Manager)
Irvine,34.00 - 39.00 $ /hour,Experienced (Non-Manager)
Hodgenville,19.00 - 20.00 $ /hourGreat Benefits,Manager (Manager/Supervisor of Staff)
Rockford,14.00 - 20.00 $ /hour,Student (High School)
Riverside,11.00 - 16.00 $ /hour,Student (Undergraduate/Graduate)
Leawood,13.00 - 17.00 $ /hour,Entry Level
Seattle,50.00 - 75.00 $ /hour,Experienced (Non-Manager)
New Haven,21.00 - 25.00 $ /hour,Entry Level
Mount Prospect,16.00 - 16.00 $ /hour,Experienced (Non-Manager)
Dallas,12.51 - 12.51 $ /hour,Quality Assurance/Safety
Los Angeles,14.00 - 16.00 $ /hour,Quality Assurance/Safety
Loudon,15.00 - 15.00 $ /hour,Entry Level
Bedford,20.00 - 25.00 $ /hour,Experienced (Non-Manager)
Bedford,17.00 - 17.00 $ /hour,Experienced (Non-Manager)
Middletown,14.00 - 16.00 $ /hour,Quality Assurance/Safety
Palm Beach,19.13 - 24.84 $ /hourHeath and Retirement benefits,Entry Level
Azusa,17.00 - 19.00 $ /hour,Experienced (Non-Manager)
Moreno Valley,12.00 - 15.00 $ /hour,Quality Assurance/Safety
Plano,48.00 - 55.00 $ /hour,Quality Assurance/Safety
City Of Industry,15.00 - 15.00 $ /hour,Entry Level
Cleveland,14.00 - 15.00 $ /hourOvertime Compensation and competitive benefits,Experienced (Non-Manager)
Tampa,13.50 - 16.50 $ /hour,Experienced (Non-Manager)
High Point,12.00 - 15.00 $ /hour,Accounting/Finance/Insurance
Buffalo,30.00 - 40.00 $ /hour,Experienced (Non-Manager)
West Monroe,12.92 - 17.19 $ /hourCommission and incentive,Entry Level
Minneapolis,15.60 - 15.60 $ /hour,Accounting/Finance/Insurance
Boston,20.00 - 30.00 $ /hour,Accounting/Finance/Insurance
Atlanta,12.00 - 13.00 $ /hour,Experienced (Non-Manager)
Atlanta,25.00 - 36.00 $ /hour,Medical/Health
Marysville,9.00 - 10.00 $ /hour,Entry Level
Sacramento,11.00 - 11.00 $ /hour,Logistics/Transportation
Atlanta,17.00 - 23.00 $ /hour,Engineering
East Point,9.00 - 9.00 $ /hour,Entry Level
Minneapolis,26.00 - 30.00 $ /hour,Installation/Maintenance/Repair
Prescott,20.00 - 30.00 $ /hour,Installation/Maintenance/Repair
Middleton,12.74 - 12.74 $ /hour,Installation/Maintenance/Repair
Louisville,13.00 - 17.00 $ /hour,Installation/Maintenance/Repair
San Diego,28.55 - 28.55 $ /hour,Installation/Maintenance/Repair
Painesville,10.00 - 12.00 $ /hour,Entry Level
Fort Lauderdale,0.00 - 15.00 $ /hour,Manager (Manager/Supervisor of Staff)
Shawnee,10.00 - 20.00 $ /hourPay is based off of experience,Entry Level
Baton Rouge,7.50 - 7.50 $ /hour,Entry Level
Palo Alto,22.00 - 23.00 $ /hour,Food Services/Hospitality
Colorado Springs,10.75 - 13.00 $ /hour,Student (High School)
Los Altos,25.00 - 35.00 $ /hourFull non-contributory benefits package effective after 90 days of employment and 2 weeks paid vacation,Entry Level
Newark,8.00 - 10.00 $ /hour,Entry Level
NashvilleTN,18.00 - 20.00 $ /hour,Accounting/Finance/Insurance
West Monroe,12.92 - 17.19 $ /hourCommission and incentive,Entry Level
San Leandro,23.00 - 26.00 $ /hour,Accounting/Finance/Insurance
Longview,9.47 - 12.00 $ /hour,Career Level Entry Level
Redmond,13.50 - 13.50 $ /hour,Entry Level
Conroe,12.00 - 14.00 $ /hour,Manufacturing/Production/Operations
Havre De Grace,15.00 - 16.00 $ /hour,Manufacturing/Production/Operations
Gainesville,8.50 - 8.50 $ /hour,Entry Level
Santa Rosa,16.00 - 17.00 $ /hour,Installation/Maintenance/Repair
Clifton Heights,20.00 - 22.00 $ /hour,Experienced (Non-Manager)
Wyoming,8.50 - 8.50 $ /hour,Entry Level
New Oxford,10.15 - 10.65 $ /hour,Manufacturing/Production/Operations
Clifton Heights,20.00 - 22.00 $ /hour,Experienced (Non-Manager)
Conroe,12.00 - 14.00 $ /hour,Manufacturing/Production/Operations
De Pere,18.00 - 23.00 $ /hour,Experienced (Non-Manager)
Boston,13.00 - 20.00 $ /hour,Accounting/Finance/Insurance
Peabody,0.00 - 45.00 $ /hour,Medical/Health
Boston,13.00 - 20.00 $ /hour,Accounting/Finance/Insurance
Peabody,45.00 - 45.00 $ /hour,Medical/Health
Boston,13.00 - 20.00 $ /hour,Accounting/Finance/Insurance
BostonMA,0.00 - 16.00 $ /hour,Administrative/Clerical
Columbus,14.00 - 15.00 $ /hour,Accounting/Finance/Insurance
Ramsey,18.00 - 21.00 $ /hour,Accounting/Finance/Insurance
Fort Worth,21.00 - 26.00 $ /hour,Accounting/Finance/Insurance
Cleveland,15.00 - 16.00 $ /hour,Accounting/Finance/Insurance
Miami,18.00 - 18.00 $ /hour,Experienced (Non-Manager)
Jacksonville,13.00 - 14.00 $ /hour,Accounting/Finance/Insurance
Grand Rapids,14.00 - 17.00 $ /hour,Accounting/Finance/Insurance
San Antonio,17.00 - 20.00 $ /hour,Experienced (Non-Manager)
Dallas,9.00 - 11.00 $ /hour,Installation/Maintenance/Repair
Rocklin,25.00 - 30.00 $ /hour,Installation/Maintenance/Repair
Alpharetta,11.00 - 15.00 $ /hour,Sales/Retail/Business Development
Dallas,14.00 - 18.00 $ /hour,Experienced (Non-Manager)
DallasTX,0.00 - 25.00 $ /hour,Accounting/Finance/Insurance
Dallas,17.00 - 20.00 $ /hour,Customer Support/Client Care
Dallas,22.00 - 25.00 $ /hour,Entry Level
Irving,10.00 - 11.50 $ /hourBonus,Experienced (Non-Manager)
Dallas,14.00 - 14.00 $ /hour,Entry Level
Dallas,0.00 - 45.00 $ /hour,Experienced (Non-Manager)
Irving,20.00 - 30.00 $ /hourOT Available,Experienced (Non-Manager)
DallasTX,0.00 - 20.00 $ /hour,Accounting/Finance/Insurance
Dallas,20.00 - 25.00 $ /hour,Experienced (Non-Manager)
Irving,11.50 - 12.50 $ /hour,Experienced (Non-Manager)
Irving,35.00 - 45.00 $ /hour,IT/Software Development
Dallas,20.00 - 25.00 $ /hourBONUSES,Experienced (Non-Manager)
Dallas,10.00 - 12.00 $ /hour,Logistics/Transportation
Dallas,12.00 - 14.00 $ /hour,Customer Support/Client Care
Dallas,12.00 - 16.00 $ /hour,Experienced (Non-Manager)
Dallas,13.00 - 15.00 $ /hour,Experienced (Non-Manager)
Dallas,12.00 - 14.00 $ /hourFull benefits. Profit sharing.,Entry Level
Dallas,20.00 - 35.00 $ /hour,Experienced (Non-Manager)
DallasTX,24.00 - 25.00 $ /hour,Accounting/Finance/Insurance
Dallas,16.50 - 25.00 $ /hour,Logistics/Transportation
DallasTX,0.00 - 21.00 $ /hour,Accounting/Finance/Insurance
IrvingTX,0.00 - 29.00 $ /hour,Accounting/Finance/Insurance
DallasTX,0.00 - 19.00 $ /hour,Accounting/Finance/Insurance
Dallas,16.00 - 16.00 $ /hour,Manager (Manager/Supervisor of Staff)
Dallas,60.00 - 80.00 $ /hour,IT/Software Development
Dallas,10.00 - 14.00 $ /hour,Sales/Retail/Business Development
Dallas,50.00 - 75.00 $ /hour,IT/Software Development
Dallas,25.00 - 30.00 $ /hour,Experienced (Non-Manager)
Dallas,25.00 - 35.00 $ /hour,Systems Analysis - IT
Dallas,40.00 - 60.00 $ /hour,IT/Software Development
Dallas,12.00 - 15.00 $ /hour,Experienced (Non-Manager)
DallasTX,0.00 - 18.00 $ /hour,Accounting/Finance/Insurance
DallasTX,0.00 - 17.50 $ /hour,Accounting/Finance/Insurance
Dallas,9.50 - 11.50 $ /hour,Entry Level
Dallas,16.00 - 19.00 $ /hour,Experienced (Non-Manager)
Cloud Engineer,70.00 - 85.00 $ /hour,IT/Software Development
Dallas,50.00 - 65.00 $ /hour,Experienced (Non-Manager)
Dallas,70.00 - 80.00 $ /hour,Experienced (Non-Manager)
DallasTX,0.00 - 32.50 $ /hour,Accounting/Finance/Insurance
Columbus,12.00 - 13.00 $ /hourPlus Commission,Manager (Manager/Supervisor of Staff)
Columbus,16.00 - 17.00 $ /hour,Manager (Manager/Supervisor of Staff)
Dallas,14.00 - 15.00 $ /hour,Entry Level
Dallas,19.00 - 20.00 $ /hour,Experienced (Non-Manager)
Dallas,20.00 - 22.00 $ /hour,Experienced (Non-Manager)
Dallas,42.00 - 48.00 $ /hour,IT/Software Development
Dallas,14.00 - 15.00 $ /hour,Experienced (Non-Manager)
Dallas,"12.00 - 13.00 $ /hourAfter 60 day probationary period eligible for monthly bonus; benefits (medical, dental, vision, RX), 401K with company match, ESPP",Experienced (Non-Manager)
Richardson,13.00 - 14.00 $ /hour,Medical/Health
Dallas,11.00 - 14.00 $ /hour,Experienced (Non-Manager)
Columbus,12.00 - 13.00 $ /hour,Experienced (Non-Manager)
Dallas,12.90 - 13.76 $ /hour,Quality Assurance/Safety
Dallas,13.00 - 13.00 $ /hour,Experienced (Non-Manager)
Dallas,13.00 - 20.00 $ /hoursalary tbd @ 1-month review,Experienced (Non-Manager)
Columbus,0.00 - 14.00 $ /hour,Customer Support/Client Care
Dallas,12.00 - 14.00 $ /hourFull benefits. Profit sharing.,Entry Level
Irving,20.00 - 25.00 $ /hour,IT/Software Development
Dallas,20.00 - 30.00 $ /hour,Logistics/Transportation
Dallas,52.00 - 57.00 $ /hour,Experienced (Non-Manager)
Irving,16.00 - 20.00 $ /hour,Experienced (Non-Manager)
Dallas,14.00 - 14.00 $ /hourPlus benefits (medical/dental/vision/life/401k),Experienced (Non-Manager)
Carson,16.00 - 16.00 $ /hour,Logistics/Transportation
Bothell,15.00 - 16.00 $ /hour,Career Level Experienced (Non-Manager)
Carrollton,15.00 - 16.00 $ /hour,Experienced (Non-Manager)
Pomona,14.00 - 17.00 $ /hour,Entry Level
Corpus Christi,14.50 - 16.00 $ /hour,Medical/Health
Uhrichsville,35.00 - 45.00 $ /hour,Experienced (Non-Manager)
Fort Mill,14.00 - 14.50 $ /hour,Medical/Health
Westfield,48.00 - 49.00 $ /hour,Experienced (Non-Manager)
Moore,16.00 - 16.00 $ /hour,Entry Level
Miami,11.00 - 13.00 $ /hour,Student (High School)
Bellingham,17.00 - 22.00 $ /hour,Experienced (Non-Manager)
Columbus,20.00 - 25.00 $ /hour,Experienced (Non-Manager)
Ukiah,0.00 - 27.82 $ /hour$750 Signing Bonus,Experienced (Non-Manager)
Irvine,20.00 - 25.00 $ /hour,Experienced (Non-Manager)
Greer,19.00 - 21.00 $ /hour,Experienced (Non-Manager)
San Francisco,50.00 - 60.00 $ /hour,Experienced (Non-Manager)
Olathe,9.00 - 14.78 $ /hour,Entry Level
San Jose,15.00 - 17.00 $ /hour,Experienced (Non-Manager)
Geneva,9.00 - 10.00 $ /hour,Experienced (Non-Manager)
Maryland Heights,8.50 - 9.00 $ /hour,Entry Level
Rockville,16.00 - 16.00 $ /hour,Medical/Health
Bluffton,15.00 - 17.00 $ /hour,Experienced (Non-Manager)
Pleasant Hill,8.50 - 10.00 $ /hourPerformance bonuses available!,Student (Undergraduate/Graduate)
San Francisco,28.00 - 30.00 $ /hour,Experienced (Non-Manager)
Victor,15.00 - 30.00 $ /hour,Manager (Manager/Supervisor of Staff)
Indiana,18.00 - 19.00 $ /hour,Experienced (Non-Manager)
Madison,0.00 - 14.19 $ /hour,General/Other: Food Services
Boston,0.00 - 20.00 $ /hour,Medical/Health
Brooklyn,"50.00 - 55.00 $ /hourmore experience, more money",Manager (Manager/Supervisor of Staff)
Newark,8.00 - 10.00 $ /hour,Entry Level
Plantation,12.00 - 16.00 $ /hour,Experienced (Non-Manager)
Mount Prospect,15.00 - 15.96 $ /hour,Medical/Health
Indiana,18.00 - 19.00 $ /hour,Experienced (Non-Manager)
Carmel,9.00 - 10.00 $ /hour,Student (Undergraduate/Graduate)
Columbus,100.00 - 115.00 $ /hour,Experienced (Non-Manager)
Marlborough,12.00 - 40.00 $ /hour,Experienced (Non-Manager)
Spartanburg,20.00 - 22.00 $ /hour,Medical/Health
King Of Prussia,28.00 - 30.00 $ /hour,Experienced (Non-Manager)
Company: Select Staffing,9.00 - 13.00 $ /hour,Manufacturing/Production/Operations
Austin,12.00 - 14.00 $ /hour,Logistics/Transportation
Saint Clair Shores,22.00 - 24.00 $ /hour,Accounting/Finance/Insurance
Troy,9.00 - 11.00 $ /hour,Experienced (Non-Manager)
Austin,25.00 - 39.50 $ /hour,Medical/Health
BostonMA,0.00 - 14.00 $ /hour,Customer Support/Client Care
BostonMA,0.00 - 14.00 $ /hour,Customer Support/Client Care
Carmel,12.00 - 15.00 $ /hour,Sales/Retail/Business Development
Beaverton,12.00 - 15.00 $ /hour,Sales/Retail/Business Development
Washington,26.47 - 26.47 $ /hour,Administrative/Clerical
Stockton,12.75 - 15.64 $ /hour,Administrative/Clerical
Beltsville,14.00 - 16.00 $ /hour,Experienced (Non-Manager)
Mount Vernon,11.91 - 14.49 $ /hour,Education Level Associate Degree
Mountain Top,22.47 - 422.47 $ /hour,Entry Level
Cleveland,18.00 - 22.00 $ /hour,Customer Support/Client Care
Whittier,16.00 - 16.50 $ /hour,Experienced (Non-Manager)
Phoenix,15.00 - 15.00 $ /hour,Human Resources
Overland Park,10.00 - 15.00 $ /hour,Entry Level
Alpharetta,19.88 - 19.88 $ /hour,Human Resources
Cincinnati,0.00 - 14.75 $ /hour,Entry Level
Chicago,20.00 - 25.00 $ /hour,Accounting/Finance/Insurance
Cincinnati,22.00 - 26.00 $ /hourvehicle+ gas card+great benefits+ot after 8 hours worked per day+cell,Experienced (Non-Manager)
Chicago,15.00 - 17.00 $ /hour,Accounting/Finance/Insurance
Milford,13.00 - 20.00 $ /hour,Entry Level
Cincinnati,0.00 - 10.00 $ /hour,Entry Level
West Chester,"10.00 - 12.00 $ /hourHealth Insurance, Short Term Disability, Long Term Disability",Entry Level
Cincinnati,15.00 - 15.00 $ /hour,Experienced (Non-Manager)
Chicago,28.00 - 33.00 $ /hour,Accounting/Finance/Insurance
Cincinnati,10.00 - 12.00 $ /hour,Entry Level
Chicago,20.00 - 25.00 $ /hour,Accounting/Finance/Insurance
Cherry Grove,12.50 - 13.00 $ /hour,Manufacturing/Production/Operations
Cincinnati,"18.00 - 25.00 $ /hourHealth, Dental, Vision, 401K matching",Entry Level
Chicago,22.00 - 26.00 $ /hour,Accounting/Finance/Insurance
Chicago,20.00 - 30.00 $ /hour,Accounting/Finance/Insurance
Cincinnati,13.00 - 15.00 $ /hour,Experienced (Non-Manager)
Chicago,19.00 - 22.00 $ /hour,Accounting/Finance/Insurance
Cincinnati,"16.00 - 19.00 $ /hourfull benefits, company vehicle and more",Entry Level
Newport,12.00 - 12.00 $ /hour,Entry Level
Newport,11.50 - 12.00 $ /hour,Entry Level
Cincinnati,15.00 - 18.00 $ /hourBenefits and Overtime,Experienced (Non-Manager)
Chicago,35.00 - 35.00 $ /hour,Accounting/Finance/Insurance
Cincinnati,17.00 - 18.50 $ /hourpotential commissions with experience,Experienced (Non-Manager)
Chicago,16.00 - 20.00 $ /hour,Accounting/Finance/Insurance
Cincinnati,13.00 - 15.00 $ /hour,Customer Support/Client Care
Chicago,21.00 - 25.00 $ /hour,Accounting/Finance/Insurance
Cincinnati,15.00 - 18.00 $ /hourOvertime and Benefits,Experienced (Non-Manager)
Chicago,18.00 - 20.00 $ /hour,Accounting/Finance/Insurance
Cincinnati,22.00 - 25.00 $ /hour,Accounting/Finance/Insurance
Cincinnati,14.00 - 15.00 $ /hour,Experienced (Non-Manager)
Cincinnati,14.00 - 16.00 $ /hour,Quality Assurance/Safety
Covington,15.00 - 16.00 $ /hour,Experienced (Non-Manager)
Cincinnati,11.75 - 12.75 $ /hourMedical/Dental,Entry Level
Cincinnati,23.25 - 25.21 $ /hour,Engineering
Chicago,18.00 - 22.00 $ /hour,Accounting/Finance/Insurance
Chicago,75.00 - 85.00 $ /hour,Experienced (Non-Manager)
Chicago,17.00 - 21.00 $ /hour,Accounting/Finance/Insurance
Cincinnati,20.00 - 22.00 $ /hour,Experienced (Non-Manager)
Cincinnati,50.00 - 55.00 $ /hour,IT/Software Development
Chicago,30.00 - 35.00 $ /hour,Accounting/Finance/Insurance
